folder,version,release,hash
mysql,2.0.4,January 1, 2026,ey3VX60HnxLKSNErJJGAhwxoIJagcEw4ax6ch5TYnfc=
stripe,1.0.4,January 1, 2026,Xcd5De6I+edLjD9Or4NIUzr1t1lN/BFeusv2fEf5Fn4=
payments,1.0.3,January 1, 2026,QV7mc2kD4Wy+fq1Zs7oerx6nDFTSPra1LfSjbEzmKlY=
webhooks,1.0.4,January 1, 2026,tdPRwNYgPIrMFRYqvNLBnD5kE3cP9uG/igJulZ16qAg=
steam_login,1.0.2,January 1, 2026,m/li0uAamRkaxGWP49vEEffQh4B7WKNojJSnpZEJDSo=
spicebin,1.0.3,January 1, 2026,Fn+sEzSzc8XzlJsyP243GquY3ncVAf8cejDkDh++dnw=
refer,1.0.7,January 1, 2026,s/Q08yRgcMMl2TTCjFNlqm48yo0BrzEPmReHS0zv6wo=
store,1.0.1,January 1, 2026,ClRsxzoxWqdc5eVzX2diR3SFd7uPs55x9AgCWA0W9GE=
tasks,1.0.6,January 1, 2026,9GKLo7YZktcAEegopQ4Vj/jsR2AwtIHkJaQXWf5glNU=
messaging,1.0.3,July 31,2024,wG5+fB6QssT+N+NBt7Cx4+VV5zP+/hzrwZVZ1fciz7g=
profile_pic,1.1.0,January 1, 2026,SadSYljFFW2Yju4j3pztd0DkqbD8Rnf0zz73gcZ0psw=
uptime,1.1.7,January 1, 2026,VYyL2my1EUZ8pcdb03Htm7ISH/534QirR3nCNP6rFoo=
downloads,1.0.5,January 1, 2026,5Hf2p/wpK7UucLEAm4viaj8oA8h0kNS3TyIGHZGSwPI=
cms,1.1.1,January 1, 2026,y9aP0V5qKf9vznjcDxgHDCE9qo5y5LmNRuRt/VtX/Sw=
cronpro,1.0.3,January 1, 2026,yz4tgseUbM/Lmz5wI/OFhcUPvA0C3Nghqo5JpGk0MAs=
chat,1.0.4,January 1, 2026,xXxIs7KYuDRf0kBhlv6ekpIS2SmWeeHfZfg3FUk1HWE=
notifications,1.00,July 27,2019,NAXXOvzwC4tQaNzxOF51NV+4h8bgmRe2br2xkdgs+JE=
membership,1.0.8,January 1, 2026,7ENnLrMTiHUhJjJdFurex8fYpyfMUaW61dOKDSKdzTY=
reports,2.0.2,January 1, 2026,ri/KzJt6d8Fq6B5ZSOgWGyeCDqBEHfMOqb5r1/izStU=
sendinblue,1.3.2,January 1, 2026,4yrVZKbri6T6MsC3nCUSwwG+FTfjoS/UKoHHoi3kFNQ=
game_show,1.0.5,January 1, 2026,ZSZ1YCXLfws64LEPPn1aBNTl4ZMhbooQE4ZcG/yeKik=
rememberme,1.0.1,January 1, 2026,gdVryNRIpHhgMiASnshJ/FASJw9rG0mT343zZ+CTiyY=
localhostlogin,1.0.2,January 1, 2026,j6f3ad4mLDkFtIcWbTuKGHvaiYnQDFomHd6SjG8Mjpg=
forum,1.0.7,January 1, 2026,muZmjoaGTzK9N/vKCoIPMv2nkN4I7pfzVGnnfjc4FGQ=
pushover,1.0.1,January 1, 2026,/s9keaL59HWV64aF2hmzDjA7K2xYOxoLTevhItew6F0=
facebook_login,2.2.2,January 1, 2026,EtFL/A3BraVMKW8GSEHYVq38oFLzIhHpI932CnHSQnU=
facebook_login_legacy,1.0.5,January 1, 2026,zpyXg7eVT/xKp7T3Dc+Ye6QCtbWBt6CFqkRGj55vhzU=
apibuilder,2.2.0,January 1, 2026,1KPubows+0S5JXmvLajETD5fa6AdHwSegoQ253IyYAQ=
forms,2.3.0,January 1, 2026,NTSPUda9dnUkYrwZsbXq9EfARsdfNMo8vyjW1ivWeuo=
messages,1.0.4,January 1, 2026,a7RiHJQe69gTO5Vyar/xJ7H02hZLZmzB47588MpRQbw=
